Type,Name,Date
Work,Работа,2025-09-23
Work,Работа,2025-09-27
Work,Работа,2025-09-28
Music,Концерт РР,2025-09-26
Music,Репетиция РР,2025-09-25
Music,Концерт РР (Татайриш) ,2025-10-18
Work,эш,2025-09-03
Work,Эш,2025-10-03
Work,Эш,2025-10-05
Work,Эш,2025-10-12
Work,Эш,2025-10-14
Music,Концерт РР Реборн,2025-11-02
Music,Концерт КАХОН,2025-10-23
Work,Эш,2025-10-17
Work,Эш,2025-10-19
Work,Эш,2025-10-21
Work,Эш,2025-10-24
Work,Эш,2025-10-25
Work,Эш,2025-10-26
Work,Эш,2025-10-28
Rest,test,2025-11-11
